{
    "modes": [
        {
            "index": 0,
            "strictly local log-evidence": -13.0488430494062,
            "strictly local log-evidence error": 0.09817383702838157,
            "local log-evidence": -13.0488430494062,
            "local log-evidence error": 0.09817383702838157,
            "mean": [
                2.6632217082022507,
                1589458605.9644537,
                670.3173027794495,
                0.13402580395215027,
                -1.908931822655223,
                -2.0126077696058533,
                -3.4507882555162155,
                -3.3219183601067552
            ],
            "sigma": [
                0.1253391638583517,
                77780382.61376585,
                171.8914691792015,
                1.15504357677835,
                0.7927448265781679,
                1.0910251488368032,
                1.528656803320091,
                1.5501010382713447
            ],
            "maximum": [
                2.688213528249239,
                1654702563.5900738,
                693.3599343733564,
                1.1743247437836963,
                -2.631796158087002,
                -2.335011864918836,
                -4.322466479508921,
                -2.1999083230362686
            ],
            "maximum a posterior": [
                2.688213528249239,
                1654702563.5900738,
                693.3599343733564,
                1.1743247437836963,
                -2.631796158087002,
                -2.335011864918836,
                -4.322466479508921,
                -2.1999083230362686
            ]
        }
    ],
    "nested sampling global log-evidence": -12.58442136204919,
    "nested sampling global log-evidence error": 0.15662237887342004,
    "global evidence": -13.0488430494062,
    "global evidence error": 0.09817383702838157,
    "nested importance sampling global log-evidence": -13.0488430494062,
    "nested importance sampling global log-evidence error": 0.09817383702838157,
    "marginals": [
        {
            "median": 2.6733675581758893,
            "sigma": 0.12159211904503131,
            "1sigma": [
                2.539362875360501,
                2.7825471134505637
            ],
            "2sigma": [
                2.3868549895157374,
                2.8868027964835647
            ],
            "3sigma": [
                2.2218336178779694,
                2.994623106976678
            ],
            "5sigma": [
                2.0898685500725547,
                3.271445354748098
            ],
            "q75%": 2.7490063912472347,
            "q25%": 2.5876888184856948,
            "q99%": 2.918757443672936,
            "q01%": 2.3197961214210876,
            "q90%": 2.8162993048090827,
            "q10%": 2.4965361203853993
        },
        {
            "median": 1586914943.4811754,
            "sigma": 79283426.61496472,
            "1sigma": [
                1510456733.0037894,
                1669023586.2337189
            ],
            "2sigma": [
                1447749960.3043458,
                1741119388.9697828
            ],
            "3sigma": [
                1403143044.629442,
                1832992255.9822516
            ],
            "5sigma": [
                1400903429.4601622,
                1916523828.710765
            ],
            "q75%": 1642349905.829877,
            "q25%": 1533189524.4900532,
            "q99%": 1780684732.120063,
            "q01%": 1425237761.1923509,
            "q90%": 1691642822.5944738,
            "q10%": 1486854943.353798
        },
        {
            "median": 664.5556345417365,
            "sigma": 174.634266909733,
            "1sigma": [
                495.2785631471059,
                844.5470969665719
            ],
            "2sigma": [
                357.5237843402204,
                1026.0597320667234
            ],
            "3sigma": [
                305.8266127870067,
                1255.5077451467564
            ],
            "5sigma": [
                301.0417309885702,
                2155.3945640303114
            ],
            "q75%": 783.5219394456552,
            "q25%": 553.7687371399564,
            "q99%": 1105.7766485820189,
            "q01%": 332.8565995803351,
            "q90%": 890.0064703317588,
            "q10%": 446.72424887450774
        },
        {
            "median": 0.21490130375384087,
            "sigma": 1.2695969695045335,
            "1sigma": [
                -1.1304480239184636,
                1.4087459150906032
            ],
            "2sigma": [
                -2.2789174398429526,
                1.8987107988495264
            ],
            "3sigma": [
                -2.96690319411386,
                1.9971558134415885
            ],
            "5sigma": [
                -3.976899416580018,
                1.9988411656867762
            ],
            "q75%": 1.085669237090835,
            "q25%": -0.7502225823247716,
            "q99%": 1.9577489846039227,
            "q01%": -2.515724582567632,
            "q90%": 1.6461837777990111,
            "q10%": -1.4427482478854003
        },
        {
            "median": -1.8695349166250677,
            "sigma": 0.8497181328970785,
            "1sigma": [
                -2.7653349985670848,
                -1.0658987327729277
            ],
            "2sigma": [
                -3.4721192360991773,
                -0.55212131317748
            ],
            "3sigma": [
                -4.1051131105855605,
                -0.18092693577818686
            ],
            "5sigma": [
                -5.765395927473232,
                -0.050367853616268436
            ],
            "q75%": -1.2898067873377226,
            "q25%": -2.4902598210166027,
            "q99%": -0.37221230921503806,
            "q01%": -3.731068980698072,
            "q90%": -0.8865035020266611,
            "q10%": -2.991436108958445
        },
        {
            "median": -1.8897995691781908,
            "sigma": 1.0365869861609855,
            "1sigma": [
                -3.012403763717651,
                -0.9392297913956796
            ],
            "2sigma": [
                -4.887590637933181,
                -0.4492784801936741
            ],
            "3sigma": [
                -5.920954439904858,
                -0.20332564894163693
            ],
            "5sigma": [
                -5.997084263954556,
                -0.14259257651040563
            ],
            "q75%": -1.1846476542927598,
            "q25%": -2.6595158845378024,
            "q99%": -0.35441789726655615,
            "q01%": -5.580904905014119,
            "q90%": -0.7477320448252807,
            "q10%": -3.3468527789422486
        },
        {
            "median": -3.485795984818468,
            "sigma": 1.7731845297653326,
            "1sigma": [
                -5.236903331652642,
                -1.6905342721219767
            ],
            "2sigma": [
                -5.867436436588886,
                -0.7072269596019786
            ],
            "3sigma": [
                -5.997443070439243,
                -0.298324551165991
            ],
            "5sigma": [
                -5.999509288744143,
                -0.1368114450546798
            ],
            "q75%": -2.1568688821178954,
            "q25%": -4.801903372215732,
            "q99%": -0.48842744451202214,
            "q01%": -5.94783729975201,
            "q90%": -1.3162677859594991,
            "q10%": -5.524167723070736
        },
        {
            "median": -3.379037023081738,
            "sigma": 1.8264413020257972,
            "1sigma": [
                -5.149168168382335,
                -1.496285564330741
            ],
            "2sigma": [
                -5.858445345408032,
                -0.6602523102842193
            ],
            "3sigma": [
                -5.994659035933615,
                -0.28874436986713314
            ],